id,vote_average,vote_count,title,genre_id,overview,popularity,original_language,release_date,production_companies_id,homepage,imdb_id,revenue,tagline
299534,8.3,13196,Avengers: Endgame,"[12, 878, 28]","After the devastating events of Avengers: Infinity War, the universe is in ruins due to the efforts of the Mad Titan, Thanos. With the help of remaining allies, the Avengers must assemble once more in order to undo Thanos' actions and restore order to the universe once and for all, no matter what consequences may be in store.",52.233999999999995,en,2019-04-24,[420],https://www.marvel.com/movies/avengers-endgame,tt4154796,2797800564,Part of the journey is the end.
19995,7.4,21287,Avatar,"[28, 12, 14, 878]","In the 22nd century, a paraplegic Marine is dispatched to the moon Pandora on a unique mission, but becomes torn between following orders and protecting an alien civilization.",34.668,en,2009-12-10,"[444, 574, 25, 290]",http://www.avatarmovie.com/,tt0499549,2787965087,Enter the World of Pandora.
140607,7.4,14420,Star Wars: The Force Awakens,"[28, 12, 878, 14]","Thirty years after defeating the Galactic Empire, Han Solo and his allies face a new threat from the evil Kylo Ren and his army of Stormtroopers.",31.142,en,2015-12-15,"[1634, 1, 11461]",http://www.starwars.com/films/star-wars-episode-vii,tt2488496,2068223624,Every generation has a story.
299536,8.3,18166,Avengers: Infinity War,"[12, 28, 878]","As the Avengers and their allies have continued to protect the world from threats too large for any one hero to handle, a new danger has emerged from the cosmic shadows: Thanos. A despot of intergalactic infamy, his goal is to collect all six Infinity Stones, artifacts of unimaginable power, and use them to inflict his twisted will on all of reality. Everything the Avengers have fought for has led up to this moment - the fate of Earth and existence itself has never been more uncertain.",99.854,en,2018-04-25,[420],https://www.marvel.com/movies/avengers-infinity-war,tt4154756,2046239637,An entire universe. Once and for all.
597,7.8,16931,Titanic,"[18, 10749]","101-year-old Rose DeWitt Bukater tells the story of her life aboard the Titanic, 84 years later. A young Rose boards the ship with her mother and fiancé. Meanwhile, Jack Dawson and Fabrizio De Rossi win third-class tickets aboard the ship. Rose tells the whole story from Titanic's departure through to its death—on its first and last voyage—on April 15, 1912.",35.661,en,1997-11-18,"[4, 574, 25]",,tt0120338,1845034188,Nothing on Earth could come between them.
135397,6.6,15558,Jurassic World,"[28, 12, 878, 53]","Twenty-two years after the events of Jurassic Park, Isla Nublar now features a fully functioning dinosaur theme park, Jurassic World, as originally envisioned by John Hammond.",30.965999999999998,en,2015-06-06,"[3341, 56, 923, 33, 1778, 862]",http://www.jurassicworld.com/,tt0369610,1671713208,The park is open.
420818,7.2,5731,The Lion King,"[12, 10751]","Simba idolizes his father, King Mufasa, and takes to heart his own royal destiny. But not everyone in the kingdom celebrates the new cub's arrival. Scar, Mufasa's brother—and former heir to the throne—has plans of his own. The battle for Pride Rock is ravaged with betrayal, tragedy and drama, ultimately resulting in Simba's exile. With help from a curious pair of newfound friends, Simba will have to figure out how to grow up and take back what is rightfully his.",63.318999999999996,en,2019-07-12,"[2, 7297]",https://movies.disney.com/the-lion-king-2019,tt6105098,1656943394,The King has Returned.
24428,7.7,22372,The Avengers,"[878, 28, 12]","When an unexpected enemy emerges and threatens global safety and security, Nick Fury, director of the international peacekeeping agency known as S.H.I.E.L.D., finds himself in need of a team to pull the world back from the brink of disaster. Spanning the globe, a daring recruitment effort begins!",60.388999999999996,en,2012-04-25,"[420, 4]",http://marvel.com/avengers_movie/,tt0848228,1519557910,Some assembly required.
168259,7.3,7497,Furious 7,"[28, 53]",Deckard Shaw seeks revenge against Dominic Toretto and his family for his comatose brother.,28.434,en,2015-04-01,"[87857, 33, 40890, 333, 3341, 86352, 87858, 1778, 2531, 1225]",http://www.furious7.com/,tt2820852,1515047671,Vengeance Hits Home
99861,7.3,15812,Avengers: Age of Ultron,"[28, 12, 878]","When Tony Stark tries to jumpstart a dormant peacekeeping program, things go awry and Earth’s Mightiest Heroes are put to the ultimate test as the fate of the planet hangs in the balance. As the villainous Ultron emerges, it is up to The Avengers to stop him from enacting his terrible plans, and soon uneasy alliances and unexpected action pave the way for an epic and unique global adventure.",33.656,en,2015-04-22,[420],http://marvel.com/movies/movie/193/avengers_age_of_ultron,tt2395427,1405403694,A New Age Has Come.
284054,7.4,15084,Black Panther,"[28, 12, 14, 878]","King T'Challa returns home from America to the reclusive, technologically advanced African nation of Wakanda to serve as his country's new leader. However, T'Challa soon finds that he is challenged for the throne by factions within his own country as well as without. Using powers reserved to Wakandan kings, T'Challa assumes the Black Panther mantel to join with girlfriend Nakia, the queen-mother, his princess-kid sister, members of the Dora Milaje (the Wakandan 'special forces') and an American secret agent, to prevent Wakanda from being dragged into a world war.",42.101000000000006,en,2018-02-13,"[420, 2]",https://marvel.com/movies/movie/224/black_panther,tt1825683,1346739107,Long live the king.
12445,8.1,13683,Harry Potter and the Deathly Hallows: Part 2,"[14, 12]","Harry, Ron and Hermione continue their quest to vanquish the evil Voldemort once and for all. Just as things begin to look hopeless for the young wizards, Harry discovers a trio of magical objects that endow him with powers to rival Voldemort's formidable skills.",59.13399999999999,en,2011-07-07,"[174, 437]",https://www.warnerbros.com/movies/harry-potter-and-deathly-hallows-part-2/,tt1201607,1341511219,It all ends here.
181808,7.0,10495,Star Wars: The Last Jedi,"[878, 28, 12]","Rey develops her newly discovered abilities with the guidance of Luke Skywalker, who is unsettled by the strength of her powers. Meanwhile, the Resistance prepares to do battle with the First Order.",41.691,en,2017-12-13,"[1, 11092]",https://www.starwars.com/films/star-wars-episode-viii-the-last-jedi,tt2527336,1332539889,Darkness rises... and light to meet it
330457,7.2,4515,Frozen II,"[16, 10751, 12]","Elsa, Anna, Kristoff and Olaf head far into the forest to learn the truth about an ancient mystery of their kingdom.",100.85799999999999,en,2019-11-20,"[6125, 2]",https://movies.disney.com/frozen-2,tt4520988,1330764959,The past is not what it seems.
351286,6.5,7524,Jurassic World: Fallen Kingdom,"[28, 12, 878]","Three years after the demise of Jurassic World, a volcanic eruption threatens the remaining dinosaurs on the isla Nublar, so Claire Dearing, the former park manager, recruits Owen Grady to help prevent the extinction of the dinosaurs once again.",45.261,en,2018-06-06,"[56, 923, 33, 10338]",http://www.jurassicworld.com,tt4881806,1303459585,The park is gone
109445,7.3,11802,Frozen,"[16, 12, 10751]","Young princess Anna of Arendelle dreams about finding true love at her sister Elsa’s coronation. Fate takes her on a dangerous journey in an attempt to end the eternal winter that has fallen over the kingdom. She's accompanied by ice delivery man Kristoff, his reindeer Sven, and snowman Olaf. On an adventure where she will find out what friendship, courage, family, and true love really means.",45.308,en,2013-11-27,"[2, 6125]",http://movies.disney.com/frozen,tt2294629,1274219009,Only the act of true love will thaw a frozen heart.
321612,6.9,12325,Beauty and the Beast,"[10751, 14, 10749]",A live-action adaptation of Disney's version of the classic tale of a cursed prince and a beautiful young woman who helps him break the spell.,47.902,en,2017-03-16,"[2, 10227]",http://movies.disney.com/beauty-and-the-beast-2017,tt2771200,1263521126,Be our guest.
260513,7.5,8343,Incredibles 2,"[28, 12, 16, 10751]","Elastigirl springs into action to save the day, while Mr. Incredible faces his greatest challenge yet – taking care of the problems of his three children.",37.523,en,2018-06-14,"[2, 3]",https://movies.disney.com/incredibles-2,tt3606756,1242805359,Back to work.
337339,6.9,7296,The Fate of the Furious,"[28, 80, 53]","When a mysterious woman seduces Dom into the world of crime and a betrayal of those closest to him, the crew face trials that will test them as never before.",33.408,en,2017-04-12,"[33, 333, 7958, 40890, 1778, 1225]",http://www.fastandfurious.com/,tt4630562,1238764765,Family no more
68721,6.9,16109,Iron Man 3,"[28, 12, 878]","When Tony Stark's world is torn apart by a formidable terrorist called the Mandarin, he starts an odyssey of rebuilding and retribution.",35.82,en,2013-04-18,"[420, 4]",https://www.marvel.com/movies/iron-man-3,tt1300854,1214811252,Unleash the power behind the armor.
271110,7.4,16160,Captain America: Civil War,"[12, 28, 878]","Following the events of Age of Ultron, the collective governments of the world pass an act designed to regulate all superhuman activity. This polarizes opinion amongst the Avengers, causing two factions to side with Iron Man or Captain America, which causes an epic battle between former allies.",40.119,en,2016-04-27,[420],http://marvel.com/captainamericapremiere,tt3498820,1153296293,Divided We Fall
297802,6.8,8608,Aquaman,"[28, 12, 14]","Once home to the most advanced civilization on Earth, Atlantis is now an underwater kingdom ruled by the power-hungry King Orm. With a vast army at his disposal, Orm plans to conquer the remaining oceanic people and then the surface world. Standing in his way is Arthur Curry, Orm's half-human, half-Atlantean brother and true heir to the throne.",31.243000000000002,en,2018-12-07,"[429, 9993, 174, 11565, 112502, 112611, 128064, 9995]",http://www.aquamanmovie.com,tt1477834,1143689193,Home Is Calling
429617,7.5,7329,Spider-Man: Far from Home,"[28, 12, 878]","Peter Parker and his friends go on a summer trip to Europe. However, they will hardly be able to rest - Peter will have to agree to help Nick Fury uncover the mystery of creatures that cause natural disasters and destruction throughout the continent.",58.52,en,2019-06-28,"[420, 5, 84041, 34]",https://www.marvel.com/movies/spider-man-far-from-home,tt6320628,1131927996,It’s time to step up.
299537,7.0,9269,Captain Marvel,"[28, 12, 878]","The story follows Carol Danvers as she becomes one of the universe’s most powerful heroes when Earth is caught in the middle of a galactic war between two alien races. Set in the 1990s, Captain Marvel is an all-new adventure from a previously unseen period in the history of the Marvel Cinematic Universe.",46.368,en,2019-03-06,[420],https://www.marvel.com/movies/captain-marvel,tt4154664,1128274794,Higher. Further. Faster.
38356,6.1,5691,Transformers: Dark of the Moon,"[28, 878, 12]","Sam Witwicky takes his first tenuous steps into adulthood while remaining a reluctant human ally of Autobot-leader Optimus Prime. The film centers around the space race between the USSR and the USA, suggesting there was a hidden Transformers role in it all that remains one of the planet's most dangerous secrets.",5.495,en,2011-06-28,"[22826, 4, 435, 19751]",http://www.transformersmovie.com/,tt1399103,1123794079,The invasion we always feared. An enemy we never expected.
122,8.4,15487,The Lord of the Rings: The Return of the King,"[12, 14, 28]","Aragorn is revealed as the heir to the ancient kings as he, Gandalf and the other members of the broken fellowship struggle to save Gondor from Sauron's forces. Meanwhile, Frodo and Sam take the ring closer to the heart of Mordor, the dark lord's realm.",48.887,en,2003-12-01,"[12, 11, 5237]",http://www.lordoftherings.net,tt0167260,1118888979,The eye of the enemy is moving.
37724,7.1,11601,Skyfall,"[28, 12, 53]","When Bond's latest assignment goes gravely wrong and agents around the world are exposed, MI6 is attacked forcing M to relocate the agency. These events cause her authority and position to be challenged by Gareth Mallory, the new Chairman of the Intelligence and Security Committee. With MI6 now compromised from both inside and out, M is left with one ally she can trust: Bond. 007 takes to the shadows - aided only by field agent, Eve - following a trail to the mysterious Silva, whose lethal and hidden motives have yet to reveal themselves.",23.739,en,2012-10-25,"[10761, 5, 60, 7576, 21, 23288]",https://www.mgm.com/movies/skyfall,tt1074638,1108561013,Think on your sins.
91314,5.8,5499,Transformers: Age of Extinction,"[878, 28, 12]","As humanity picks up the pieces, following the conclusion of ""Transformers: Dark of the Moon,"" Autobots and Decepticons have all but vanished from the face of the planet. However, a group of powerful, ingenious businessman and scientists attempt to learn from past Transformer incursions and push the boundaries of technology beyond what they can control - all while an ancient, powerful Transformer menace sets Earth in his cross-hairs.",23.235,en,2014-06-25,"[22826, 4, 435]",,tt2109248,1104054072,This is not war. It's extinction.
49026,7.7,15999,The Dark Knight Rises,"[28, 80, 18, 53]","Following the death of District Attorney Harvey Dent, Batman assumes responsibility for Dent's crimes to protect the late attorney's reputation and is subsequently hunted by the Gotham City Police Department. Eight years later, Batman encounters the mysterious Selina Kyle and the villainous Bane, a new terrorist leader who overwhelms Gotham's finest. The Dark Knight resurfaces to protect a city that has branded him an enemy.",32.22,en,2012-07-16,"[9996, 923, 9993, 174]",http://www.thedarkknightrises.com/,tt1345836,1081041287,The Legend Ends
475557,8.2,12550,Joker,"[80, 53, 18]","During the 1980s, a failed stand-up comedian is driven insane and turns to a life of crime and chaos in Gotham City while becoming an infamous psychopathic crime figure.",89.031,en,2019-10-02,"[9993, 174, 429, 83036, 79, 13240, 53152, 128064, 57409]",http://www.jokermovie.net/,tt7286456,1074251311,Put on a happy face.
301528,7.6,4952,Toy Story 4,"[12, 16, 35, 10751, 14]","Woody has always been confident about his place in the world and that his priority is taking care of his kid, whether that's Andy or Bonnie. But when Bonnie adds a reluctant new toy called ""Forky"" to her room, a road trip adventure alongside old and new friends will show Woody how big the world can be for a toy.",47.41,en,2019-06-19,"[2, 3]",https://www.pixar.com/feature-films-toy-story-4,tt1979376,1073394593,Get Ready to Hit the Road
10193,7.8,10137,Toy Story 3,"[16, 10751, 35]","Woody, Buzz, and the rest of Andy's toys haven't been played with in years. With Andy about to go to college, the gang find themselves accidentally left at a nefarious day care center. The toys must band together to escape and return home to Andy.",25.023000000000003,en,2010-06-16,[3],http://disney.go.com/toystory/,tt0435761,1066969703,No toy gets left behind.
58,7.2,10954,Pirates of the Caribbean: Dead Man's Chest,"[12, 14, 28]","Captain Jack Sparrow works his way out of a blood debt with the ghostly Davey Jones, he also attempts to avoid eternal damnation.",44.54600000000001,en,2006-06-20,"[2, 130, 19936]",http://disney.go.com/disneypictures/pirates/,tt0383574,1065659812,Jack is back!
330459,7.5,10887,Rogue One: A Star Wars Story,"[28, 12, 878]",A rogue band of resistance fighters unite for a mission to steal the Death Star plans and bring a new hope to the galaxy.,33.289,en,2016-12-14,[1],http://www.starwars.com/films/rogue-one,tt3748528,1056057273,A Rebellion Built on Hope
420817,7.1,5864,Aladdin,"[12, 14, 10749, 35, 10751]",A kindhearted street urchin named Aladdin embarks on a magical adventure after finding a lamp that releases a wisecracking genie while a power-hungry Grand Vizier vies for the same lamp that has the power to make their deepest wishes come true.,74.892,en,2019-05-22,"[2, 2723, 118854, 2527]",https://movies.disney.com/aladdin-2019,tt6139732,1047612394,Choose Wisely.
1865,6.5,9870,Pirates of the Caribbean: On Stranger Tides,"[12, 28, 14]","Captain Jack Sparrow crosses paths with a woman from his past, and he's not sure if it's love -- or if she's a ruthless con artist who's using him to find the fabled Fountain of Youth. When she forces him aboard the Queen Anne's Revenge, the ship of the formidable pirate Blackbeard, Jack finds himself on an unexpected adventure in which he doesn't know who to fear more: Blackbeard or the woman from his past.",26.046999999999997,en,2011-05-14,"[2, 130, 20478]",http://disney.go.com/pirates/index-on-stranger-tides.html#/video/,tt1298650,1045713802,Live Forever Or Die Trying.
127380,7.0,8952,Finding Dory,"[12, 16, 35, 10751]",Dory is reunited with her friends Nemo and Marlin in the search for answers about her past. What can she remember? Who are her parents? And where did she learn to speak Whale?,21.199,en,2016-06-16,[3],http://movies.disney.com/finding-dory,tt2277860,1028570889,An unforgettable journey she probably won't remember.
12155,6.6,10148,Alice in Wonderland,"[10751, 14, 12]","Alice, an unpretentious and individual 19-year-old, is betrothed to a dunce of an English nobleman. At her engagement party, she escapes the crowd to consider whether to go through with the marriage and falls down a hole in the garden after spotting an unusual rabbit. Arriving in a strange and surreal place called 'Underland,' she finds herself in a world that resembles the nightmares she had as a child, filled with talking animals, villainous queens and knights, and frumious bandersnatches. Alice realizes that she is there for a reason – to conquer the horrific Jabberwocky and restore the rightful queen to her throne.",26.8,en,2010-03-03,"[2, 16314, 598, 8601, 80]",http://disney.go.com/wonderland/,tt1014759,1025467110,You're invited to a very important date
269149,7.7,11652,Zootopia,"[16, 12, 10751, 35]","Determined to prove herself, Officer Judy Hopps, the first bunny on Zootopia's police force, jumps at the chance to crack her first case - even if it means partnering with scam-artist fox Nick Wilde to solve the mystery.",48.858999999999995,en,2016-02-11,"[6125, 2]",http://movies.disney.com/zootopia,tt2948356,1023784195,Welcome to the urban jungle.
49051,7.3,13518,The Hobbit: An Unexpected Journey,"[12, 14, 28]","Bilbo Baggins, a hobbit enjoying his quiet life, is swept into an epic quest by Gandalf the Grey and thirteen dwarves who seek to reclaim their mountain home from Smaug, the dragon.",32.29,en,2012-11-26,"[174, 11, 12, 21]",http://www.thehobbit.com/,tt0903624,1021103568,From the smallest beginnings come the greatest legends.
155,8.4,22217,The Dark Knight,"[18, 28, 80, 53]","Batman raises the stakes in his war on crime. With the help of Lt. Jim Gordon and District Attorney Harvey Dent, Batman sets out to dismantle the remaining criminal organizations that plague the streets. The partnership proves to be effective, but they soon find themselves prey to a reign of chaos unleashed by a rising criminal mastermind known to the terrified citizens of Gotham as the Joker.",50.193999999999996,en,2008-07-16,"[429, 923, 9996, 118865, 9993, 174]",https://www.warnerbros.com/movies/dark-knight/,tt0468569,1004558444,Why So Serious?
8587,8.3,12359,The Lion King,"[10751, 16, 18]","A young lion prince is cast out of his pride by his cruel uncle, who claims he killed his father. While the uncle rules with an iron paw, the prince grows up beyond the Savannah, living by a philosophy: No worries for the rest of your days. But when his past comes to haunt him, the young prince must decide his fate: Will he remain an outcast or face his demons and become what he needs to be?",35.141999999999996,en,1994-05-07,"[2, 6125]",http://movies.disney.com/the-lion-king,tt0110357,987483777,Life's greatest adventure is finding your place in the Circle of Life.
671,7.9,16876,Harry Potter and the Philosopher's Stone,"[12, 14, 10751]","Harry Potter has lived under the stairs at his aunt and uncle's house his whole life. But on his 11th birthday, he learns he's a powerful wizard -- with a place waiting for him at the Hogwarts School of Witchcraft and Wizardry. As he learns to harness his newfound powers with the help of the school's kindly headmaster, Harry uncovers the truth about his parents' deaths -- and about the villain who's to blame.",75.577,en,2001-11-16,"[174, 437, 436]",https://www.warnerbros.com/movies/harry-potter-and-sorcerers-stone/,tt0241527,976475550,Let the Magic Begin.
93456,6.9,8303,Despicable Me 2,"[16, 35, 10751]",Gru is recruited by the Anti-Villain League to help deal with a powerful new super criminal.,34.738,en,2013-06-25,"[6704, 33]",http://www.despicableme.com/,tt1690953,970761885,Back 2 Work
278927,6.8,6035,The Jungle Book,"[12, 18, 10751, 14]","A man-cub named Mowgli fostered by wolves. After a threat from the tiger Shere Khan, Mowgli is forced to flee the jungle, by which he embarks on a journey of self discovery with the help of the panther, Bagheera and the free-spirited bear, Baloo.",21.818,en,2016-04-07,"[2, 7297, 20478]",http://movies.disney.com/the-jungle-book-2016,tt3040964,966550600,The legend will never be the same.
353486,6.8,9276,Jumanji: Welcome to the Jungle,"[28, 12, 35, 14]","The tables are turned as four teenagers are sucked into Jumanji's world - pitted against rhinos, black mambas and an endless variety of jungle traps and puzzles. To survive, they'll play as characters from the game.",35.45,en,2017-12-09,"[350, 53462, 73669, 5, 34]",http://jumanjimovie.com,tt2283362,962102237,The game has evolved.
285,7.2,9767,Pirates of the Caribbean: At World's End,"[12, 14, 28]","Captain Barbossa, long believed to be dead, has come back to life and is headed to the edge of the Earth with Will Turner and Elizabeth Swann. But nothing is quite as it seems.",26.561,en,2007-05-19,"[130, 19936, 2]",http://disney.go.com/disneypictures/pirates,tt0449088,961000000,"At the end of the world, the adventure begins."
57158,7.6,8911,The Hobbit: The Desolation of Smaug,"[12, 14, 28]","The Dwarves, Bilbo and Gandalf have successfully escaped the Misty Mountains, and Bilbo has gained the One Ring. They all continue their journey to get their gold back from the Dragon, Smaug.",30.006999999999998,en,2013-12-11,"[174, 11, 12, 21]",http://www.thehobbit.com/,tt1170358,958400000,Beyond darkness... beyond desolation... lies the greatest danger of all.
122917,7.3,9769,The Hobbit: The Battle of the Five Armies,"[28, 12, 14]","Immediately after the events of The Desolation of Smaug, Bilbo and the dwarves try to defend Erebor's mountain of treasure from others who claim it: the men of the ruined Laketown and the elves of Mirkwood. Meanwhile an army of Orcs led by Azog the Defiler is marching on Erebor, fueled by the rise of the dark lord Sauron. Dwarves, elves and men must unite, and the hope for Middle-Earth falls into Bilbo's hands.",60.29600000000001,en,2014-12-10,"[174, 11, 12, 7413, 21]",https://www.warnerbros.com/movies/hobbit-battle-five-armies/,tt2310332,956019788,Witness the defining chapter of the Middle-Earth saga
12444,7.8,12747,Harry Potter and the Deathly Hallows: Part 1,"[12, 14]","Harry, Ron and Hermione walk away from their last year at Hogwarts to find and destroy the remaining Horcruxes, putting an end to Voldemort's bid for immortality. But with Harry's beloved Dumbledore dead and Voldemort's unscrupulous Death Eaters on the loose, the world is more dangerous than ever.",47.998999999999995,en,2010-10-17,"[174, 437]",https://www.warnerbros.com/movies/harry-potter-and-deathly-hallows-part-1/,tt0926084,954305868,One Way… One Fate… One Hero.
12,7.8,13507,Finding Nemo,"[16, 10751]","Nemo, an adventurous young clownfish, is unexpectedly taken from his Great Barrier Reef home to a dentist's office aquarium. It's up to his worrisome father Marlin and a friendly but forgetful fish Dory to bring Nemo home -- meeting vegetarian sharks, surfer dude turtles, hypnotic jellyfish, hungry seagulls, and more along the way.",34.1,en,2003-05-30,[3],http://movies.disney.com/finding-nemo,tt0266543,940335536,There are 3.7 trillion fish in the ocean. They're looking for one.
675,7.7,12856,Harry Potter and the Order of the Phoenix,"[12, 14, 9648]","Returning for his fifth year of study at Hogwarts, Harry is stunned to find that his warnings about the return of Lord Voldemort have been ignored. Left with no choice, Harry takes matters into his own hands, training a small group of students – dubbed 'Dumbledore's Army' – to defend themselves against the dark arts.",47.871,en,2007-06-28,"[174, 437]",https://www.warnerbros.com/movies/harry-potter-and-order-phoenix/,tt0373889,938212738,Evil Must Be Confronted.
767,7.7,12557,Harry Potter and the Half-Blood Prince,"[12, 14]","As Harry begins his sixth year at Hogwarts, he discovers an old book marked as 'Property of the Half-Blood Prince', and begins to learn more about Lord Voldemort's dark past.",50.202,en,2009-07-07,"[174, 437]",https://www.warnerbros.com/movies/harry-potter-and-half-blood-prince/,tt0417741,933959197,Dark Secrets Revealed
809,7.0,7565,Shrek 2,"[12, 16, 35, 10751, 14]","Shrek, Fiona and Donkey set off to Far, Far Away to meet Fiona's mother and father. But not everyone is happy. Shrek and the King find it hard to get along, and there's tension in the marriage. The fairy godmother discovers that Shrek has married Fiona instead of her Son Prince Charming and sets about destroying their marriage.",37.758,en,2004-05-19,"[521, 520, 7]",http://www.shrek2.com/,tt0298148,928760770,Once upon another time...
121,8.3,14628,The Lord of the Rings: The Two Towers,"[12, 14, 28]","Frodo and Sam are trekking to Mordor to destroy the One Ring of Power while Gimli, Legolas and Aragorn search for the orc-captured Merry and Pippin. All along, nefarious wizard Saruman awaits the Fellowship members at the Orthanc Tower in Isengard.",43.92100000000001,en,2002-12-18,"[12, 11, 5237]",http://www.lordoftherings.net/,tt0167261,926287400,A New Power Is Rising.
329,7.9,10676,Jurassic Park,"[12, 878]","A wealthy entrepreneur secretly creates a theme park featuring living dinosaurs drawn from prehistoric DNA. Before opening day, he invites a team of experts and his two eager grandchildren to experience the park and help calm anxious investors. However, the park is anything but amusing as the security systems go off-line and the dinosaurs escape.",22.506999999999998,en,1993-06-11,"[33, 56]",http://www.jurassicpark.com/,tt0107290,920100000,An adventure 65 million years in the making.
674,7.8,13233,Harry Potter and the Goblet of Fire,"[12, 14, 10751]","Harry starts his fourth year at Hogwarts, competes in the treacherous Triwizard Tournament and faces the evil Lord Voldemort. Ron and Hermione help Harry manage the pressure – but Voldemort lurks, awaiting his chance to destroy Harry and all that he stands for.",42.75899999999999,en,2005-11-16,"[462, 174, 437]",https://www.warnerbros.com/movies/harry-potter-and-goblet-fire/,tt0330373,895921036,Dark And Difficult Times Lie Ahead.
424694,8.0,11048,Bohemian Rhapsody,"[18, 10402]","Singer Freddie Mercury, guitarist Brian May, drummer Roger Taylor and bass guitarist John Deacon take the music world by storm when they form the rock 'n' roll band Queen in 1970. Hit songs become instant classics. When Mercury's increasingly wild lifestyle starts to spiral out of control, Queen soon faces its greatest challenge yet – finding a way to keep the band together amid the success and excess.",29.575,en,2018-10-24,"[3281, 508, 90995, 11391, 10104, 25]",http://bohemianrhapsody.com,tt1727824,894027543,Fearless lives forever
559,6.2,8554,Spider-Man 3,"[14, 28, 12]","The seemingly invincible Spider-Man goes up against an all-new crop of villains—including the shape-shifting Sandman. While Spider-Man’s superpowers are altered by an alien organism, his alter ego, Peter Parker, deals with nemesis Eddie Brock and also gets caught up in a love triangle.",32.446999999999996,en,2007-05-01,"[19551, 5, 326, 34]",https://www.sonypictures.com/movies/spiderman3,tt0413300,890871626,The battle within.
206647,6.5,7555,Spectre,"[28, 12, 53]","A cryptic message from Bond’s past sends him on a trail to uncover a sinister organization. While M battles political forces to keep the secret service alive, Bond peels back the layers of deceit to reveal the terrible truth behind SPECTRE.",27.647,en,2015-10-26,"[10761, 69434, 5, 21, 7576, 34]",https://www.mgm.com/movies/spectre,tt2379713,880674609,A Plan No One Escapes
315635,7.4,14167,Spider-Man: Homecoming,"[28, 12, 878, 18]","Following the events of Captain America: Civil War, Peter Parker, with the help of his mentor Tony Stark, tries to balance his life as an ordinary high school student in Queens, New York City, with fighting crime as his superhero alter ego Spider-Man as a new threat, the Vulture, emerges.",49.528,en,2017-07-05,"[420, 5, 84041, 34034, 34]",http://www.spidermanhomecoming.com,tt2250912,880166924,Homework can wait. The city can't.
672,7.7,14160,Harry Potter and the Chamber of Secrets,"[12, 14]","Cars fly, trees fight back, and a mysterious house-elf comes to warn Harry Potter at the start of his second year at Hogwarts. Adventure and danger await when bloody writing on a wall announces: The Chamber Of Secrets Has Been Opened. To save Hogwarts will require all of Harry, Ron and Hermione’s magical abilities and courage.",62.095,en,2002-11-13,"[436, 437, 174]",https://www.warnerbros.com/movies/harry-potter-and-chamber-secrets/,tt0295297,876688482,Hogwarts is back in session.
328111,6.2,6175,The Secret Life of Pets,"[12, 35, 16, 10751]","The quiet life of a terrier named Max is upended when his owner takes in Duke, a stray whom Max instantly dislikes.",10.292,en,2016-06-18,"[33, 3341, 6704, 1778]",http://www.thesecretlifeofpets.com/,tt2709768,875457937,Think this is what they do all day?
209112,5.8,13336,Batman v Superman: Dawn of Justice,"[28, 12, 14]","Fearing the actions of a god-like Super Hero left unchecked, Gotham City’s own formidable, forceful vigilante takes on Metropolis’s most revered, modern-day savior, while the world wrestles with what sort of hero it really needs. And with Batman and Superman at war with one another, a new threat quickly arises, putting mankind in greater danger than it’s ever known before.",35.042,en,2016-03-23,"[41624, 507, 9995, 429, 9993, 174, 8881]",http://www.batmanvsupermandawnofjustice.com/,tt2975590,873634919,Justice or revenge
120,8.3,16970,The Lord of the Rings: The Fellowship of the Ring,"[12, 14, 28]","Young hobbit Frodo Baggins, after inheriting a mysterious ring from his uncle Bilbo, must leave his home in order to keep it from falling into the hands of its evil creator. Along the way, a fellowship is formed to protect the ringbearer and make sure that the ring arrives at its final destination: Mt. Doom, the only place where it can be destroyed.",54.806000000000004,en,2001-12-18,"[12, 11, 5237]",http://www.lordoftherings.net/,tt0120737,871368364,One ring to rule them all
452557,6.6,84,Wolf Warrior 2,"[10752, 28, 18]","China's deadliest special forces operative settles into a quiet life on the sea. When sadistic mercenaries begin targeting nearby civilians, he must leave his newfound peace behind and return to his duties as a soldier and protector.",8.466000000000001,zh,2017-07-27,"[95816, 95817, 76394, 95818, 95819]",,tt7131870,870322670,
283995,7.6,14800,Guardians of the Galaxy Vol. 2,"[28, 12, 35, 878]",The Guardians must fight to keep their newfound family together as they unravel the mysteries of Peter Quill's true parentage.,38.806,en,2017-04-19,[420],http://marvel.com/movies/movie/221/guardians_of_the_galaxy_vol_2,tt3896198,863756051,Obviously.
150540,7.9,14840,Inside Out,"[18, 35, 16, 10751]","Growing up can be a bumpy road, and it's no exception for Riley, who is uprooted from her Midwest life when her father starts a new job in San Francisco. Riley's guiding emotions— Joy, Fear, Anger, Disgust and Sadness—live in Headquarters, the control centre inside Riley's mind, where they help advise her through everyday life and tries to keep things positive, but the emotions conflict on how best to navigate a new city, house and school.",51.693999999999996,en,2015-06-09,"[3, 2]",http://movies.disney.com/inside-out,tt2096673,857611174,Meet the little voices inside your head.
335983,6.7,8741,Venom,"[878, 28]","Investigative journalist Eddie Brock attempts a comeback following a scandal, but accidentally becomes the host of Venom, a violent, super powerful alien symbiote. Soon, he must rely on his newfound powers to protect the world from a shadowy organization looking for a symbiote of their own.",51.769,en,2018-09-28,"[31828, 53462, 84041, 7505, 81620]",http://www.venom.movie/site/,tt1270797,855013954,The world has enough Superheroes.
284053,7.6,13832,Thor: Ragnarok,"[28, 12, 35, 14]","Thor is imprisoned on the other side of the universe and finds himself in a race against time to get back to Asgard to stop Ragnarok, the destruction of his home-world and the end of Asgardian civilization, at the hands of an all-powerful new threat, the ruthless Hela.",50.602,en,2017-10-25,"[420, 2]",https://marvel.com/movies/movie/222/thor_ragnarok,tt3501632,853977126,No Hammer. No Problem.
101299,7.4,12639,The Hunger Games: Catching Fire,"[12, 28, 878]","Katniss Everdeen has returned home safe after winning the 74th Annual Hunger Games along with fellow tribute Peeta Mellark. Winning means that they must turn around and leave their family and close friends, embarking on a ""Victor's Tour"" of the districts. Along the way Katniss senses that a rebellion is simmering, but the Capitol is still very much in control as President Snow prepares the 75th Annual Hunger Games (The Quarter Quell) - a competition that could change Panem forever.",29.663,en,2013-11-15,"[1632, 5420]",http://www.thehungergames.movie/,tt1951264,847423452,Every revolution begins with a spark.
8373,6.1,5735,Transformers: Revenge of the Fallen,"[878, 28, 12]","Sam Witwicky leaves the Autobots behind for a normal life. But when his mind is filled with cryptic symbols, the Decepticons target him and he is dragged back into the Transformers' war.",6.4910000000000005,en,2009-06-19,"[22826, 4, 435, 7]",,tt1055369,836303693,Revenge is coming.
50620,6.4,6115,The Twilight Saga: Breaking Dawn - Part 2,"[12, 14, 18, 10749]","After the birth of Renesmee, the Cullens gather other vampire clans in order to protect the child from a false allegation that puts the family in front of the Volturi.",27.098000000000003,en,2012-11-13,"[5219, 491, 12292]",,tt1673434,829000000,The epic finale that will live forever.
27205,8.3,25806,Inception,"[28, 878, 12]","Cobb, a skilled thief who commits corporate espionage by infiltrating the subconscious of his targets is offered a chance to regain his old life as payment for a task considered to be impossible: ""inception"", the implantation of another person's idea into a target's subconscious.",68.009,en,2010-07-15,"[923, 9996, 174]",http://inceptionmovie.warnerbros.com/,tt1375666,825532764,Your mind is the scene of the crime.
297762,7.3,14590,Wonder Woman,"[28, 12, 14]",An Amazon princess comes to the world of Man in the grips of the First World War to confront the forces of evil and bring an end to human conflict.,47.306000000000004,en,2017-05-30,"[444, 507, 9993, 9995, 81620, 83838, 174, 429, 128064]",http://www.warnerbros.com/wonder-woman,tt0451279,821847012,Power. Grace. Wisdom. Wonder.
557,7.1,11767,Spider-Man,"[14, 28]","After being bitten by a genetically altered spider, nerdy high school student Peter Parker is endowed with amazing powers to become the Amazing superhero known as Spider-Man.",33.126,en,2002-05-01,"[19551, 5, 34]",http://www.sonypictures.com/movies/spider-man/,tt0145487,821708551,Go for the Ultimate Spin.
602,6.8,6370,Independence Day,"[28, 12, 878]","On July 2, a giant alien mothership enters orbit around Earth and deploys several dozen saucer-shaped 'destroyer' spacecraft that quickly lay waste to major cities around the planet. On July 3, the United States conducts a coordinated counterattack that fails. On July 4, a plan is devised to gain access to the interior of the alien mothership in space, in order to plant a nuclear missile.",22.315,en,1996-06-25,"[347, 25]",,tt0116629,817400891,Earth. Take a good look. It might be your last.
259316,7.4,13951,Fantastic Beasts and Where to Find Them,"[12, 10751, 14]","In 1926, Newt Scamander arrives at the Magical Congress of the United States of America with a magically expanded briefcase, which houses a number of dangerous creatures and their habitats. When the creatures escape from the briefcase, it sends the American wizarding authorities after Newt, and threatens to strain even further the state of magical and non-magical relations.",46.746,en,2016-11-16,"[437, 174]",http://www.fantasticbeasts.com/,tt3183660,809342332,From J.K. Rowling's wizarding world.
354912,8.2,11279,Coco,"[16, 10751, 35, 12, 14]","Despite his family’s baffling generations-old ban on music, Miguel dreams of becoming an accomplished musician like his idol, Ernesto de la Cruz. Desperate to prove his talent, Miguel finds himself in the stunning and colorful Land of the Dead following a mysterious chain of events. Along the way, he meets charming trickster Hector, and together, they set off on an extraordinary journey to unlock the real story behind Miguel's family history.",42.516000000000005,en,2017-10-27,"[3, 2]",https://www.pixar.com/feature-films/coco,tt2380307,800526015,The celebration of a lifetime
810,6.2,5818,Shrek the Third,"[14, 12, 16, 35, 10751]","The King of Far Far Away has died and Shrek and Fiona are to become King & Queen. However, Shrek wants to return to his cozy swamp and live in peace and quiet, so when he finds out there is another heir to the throne, they set off to bring him back to rule the kingdom.",31.896,en,2007-05-17,"[521, 520, 4]",http://www.shrekthethird.com/flash/index.html,tt0413267,798958165,He’s in for the Royal Treatment.
166426,6.6,8172,Pirates of the Caribbean: Dead Men Tell No Tales,"[12, 28, 14, 35]","Thrust into an all-new adventure, a down-on-his-luck Capt. Jack Sparrow feels the winds of ill-fortune blowing even more strongly when deadly ghost sailors led by his old nemesis, the evil Capt. Salazar, escape from the Devil's Triangle. Jack's only hope of survival lies in seeking out the legendary Trident of Poseidon, but to find it, he must forge an uneasy alliance with a brilliant and beautiful astronomer and a headstrong young man in the British navy.",31.185,en,2017-05-23,"[2, 130, 2691]",http://pirates.disney.com/pirates-of-the-caribbean-dead-men-tell-no-tales,tt1790809,794861794,All pirates must die.
601,7.5,7705,E.T. the Extra-Terrestrial,"[878, 12, 10751, 14]","After a gentle alien becomes stranded on Earth, the being is discovered and befriended by a young boy named Elliott. Bringing the extraterrestrial into his suburban California house, Elliott introduces E.T., as the alien is dubbed, to his brother and his little sister, Gertie, and the children decide to keep its existence a secret. Soon, however, E.T. falls ill, resulting in government intervention and a dire situation for both Elliott and the alien.",31.391,en,1982-06-11,"[33, 56]",http://www.et20.com/,tt0083866,792965326,He is afraid. He is alone. He is three million light years from home.
353081,7.3,5007,Mission: Impossible - Fallout,"[28, 12]","When an IMF mission ends badly, the world is faced with dire consequences. As Ethan Hunt takes it upon himself to fulfill his original briefing, the CIA begin to question his loyalty and his motives. The IMF team find themselves in a race against time, hunted by assassins while trying to prevent a global catastrophe.",38.479,en,2018-07-13,"[4, 11461, 82819, 21777, 69484]",https://www.missionimpossible.com/,tt4912910,791017452,Some Missions Are Not A Choice
673,8.0,13834,Harry Potter and the Prisoner of Azkaban,"[12, 14]","Harry, Ron and Hermione return to Hogwarts for another magic-filled year. Harry comes face to face with danger yet again, this time in the form of escaped convict, Sirius Black—and turns to sympathetic Professor Lupin for help.",47.004,en,2004-05-31,"[436, 437, 174]",https://www.warnerbros.com/movies/harry-potter-and-prisoner-azkaban/,tt0304141,789804554,Something wicked this way comes.
217,5.9,5330,Indiana Jones and the Kingdom of the Crystal Skull,"[12, 28]","Set during the Cold War, the Soviets – led by sword-wielding Irina Spalko – are in search of a crystal skull which has supernatural powers related to a mystical Lost City of Gold. After being captured and then escaping from them, Indy is coerced to head to Peru at the behest of a young man whose friend – and Indy's colleague – Professor Oxley has been captured for his knowledge of the skull's whereabouts.",26.092,en,2008-05-21,"[4, 1]",http://www.indianajones.com/site/index.html,tt0367882,786636033,The adventure continues . . .
558,7.0,9571,Spider-Man 2,"[28, 12, 14]","Peter Parker is going through a major identity crisis. Burned out from being Spider-Man, he decides to shelve his superhero alter ego, which leaves the city suffering in the wake of carnage left by the evil Doc Ock. In the meantime, Parker still can't act on his feelings for Mary Jane Watson, a girl he's loved since childhood.",13.177,en,2004-06-25,"[5, 326, 19551, 34]",http://www.sonypictures.com/movies/spider-man2/,tt0316654,783766341,There's a hero in all of us.
293660,7.6,22773,Deadpool,"[28, 12, 35]","Deadpool tells the origin story of former Special Forces operative turned mercenary Wade Wilson, who after being subjected to a rogue experiment that leaves him with accelerated healing powers, adopts the alter ego Deadpool. Armed with his new abilities and a dark, twisted sense of humor, Deadpool hunts down the man who nearly destroyed his life.",54.597,en,2016-02-09,"[7505, 22213, 25, 28788, 431]",http://www.foxmovies.com/movies/deadpool,tt1431045,783100000,Witness the beginning of a happy ending
118340,7.9,20532,Guardians of the Galaxy,"[28, 878, 12]","Light years from Earth, 26 years after being abducted, Peter Quill finds himself the prime target of a manhunt after discovering an orb wanted by Ronan the Accuser.",30.826,en,2014-07-30,[420],http://marvel.com/guardians,tt2015381,772776600,All heroes start somewhere.
14161,5.7,8744,2012,"[28, 12, 878]","Dr. Adrian Helmsley, part of a worldwide geophysical team investigating the effect on the earth of radiation from unprecedented solar storms, learns that the earth's core is heating up. He warns U.S. President Thomas Wilson that the crust of the earth is becoming unstable and that without proper preparations for saving a fraction of the world's population, the entire race is doomed. Meanwhile, writer Jackson Curtis stumbles on the same information. While the world's leaders race to build ""arks"" to escape the impending cataclysm, Curtis struggles to find a way to save his family. Meanwhile, volcanic eruptions and earthquakes of unprecedented strength wreak havoc around the world.",25.238000000000003,en,2009-10-10,"[5, 347, 10905, 1557]",http://www.sonypictures.com/movies/2012,tt1190080,769653595,We Were Warned.
591,6.7,6200,The Da Vinci Code,"[53, 9648]","A murder in Paris’ Louvre Museum and cryptic clues in some of Leonardo da Vinci’s most famous paintings lead to the discovery of a religious mystery. For 2,000 years a secret society closely guards information that — should it come to light — could rock the very foundations of Christianity.",21.568,en,2006-05-17,"[23, 8253]",http://www.sonypictures.com/movies/thedavincicode/,tt0382625,767820459,Seek the truth
384018,6.8,3575,Fast & Furious Presents: Hobbs & Shaw,"[28, 12, 35]","Ever since US Diplomatic Security Service Agent Hobbs and lawless outcast Shaw first faced off, they just have swapped smacks and bad words. But when cyber-genetically enhanced anarchist Brixton's ruthless actions threaten the future of humanity, both join forces to defeat him. (A spin-off of “The Fate of the Furious,” focusing on Johnson's Luke Hobbs and Statham's Deckard Shaw.)",45.549,en,2019-08-01,"[25998, 73669, 33]",https://www.hobbsandshawmovie.com,tt6806448,760098996,
102651,7.1,9821,Maleficent,"[14, 12, 28, 10751, 10749]","A beautiful, pure-hearted young woman, Maleficent has an idyllic life growing up in a peaceable forest kingdom, until one day when an invading army threatens the harmony of the land.  Maleficent rises to be the land's fiercest protector, but she ultimately suffers a ruthless betrayal – an act that begins to turn her heart into stone. Bent on revenge, Maleficent faces an epic battle with the invading King's successor and, as a result, places a curse upon his newborn infant Aurora. As the child grows, Maleficent realizes that Aurora holds the key to peace in the kingdom – and to Maleficent's true happiness as well.",46.036,en,2014-05-28,"[2, 16314]",http://movies.disney.com/maleficent,tt1587310,758539785,Don't believe the fairy tale.
1930,6.5,11775,The Amazing Spider-Man,"[28, 12, 14]","Peter Parker is an outcast high schooler abandoned by his parents as a boy, leaving him to be raised by his Uncle Ben and Aunt May. Like most teenagers, Peter is trying to figure out who he is and how he got to be the person he is today. As Peter discovers a mysterious briefcase that belonged to his father, he begins a quest to understand his parents' disappearance – leading him directly to Oscorp and the lab of Dr. Curt Connors, his father's former partner. As Spider-Man is set on a collision course with Connors' alter ego, The Lizard, Peter will make life-altering choices to use his powers and shape his destiny to become a hero.",26.252,en,2012-06-23,"[5, 7505, 326, 34]",http://www.theamazingspiderman.com,tt0948470,757930663,The untold story begins.
131631,6.8,11436,The Hunger Games: Mockingjay - Part 1,"[878, 12, 53]",Katniss Everdeen reluctantly becomes the symbol of a mass rebellion against the autocratic Capitol.,49.372,en,2014-11-19,"[1632, 5420]",http://www.thehungergames.movie/,tt1951265,752100229,Fire burns brighter in the darkness
127585,7.5,11369,X-Men: Days of Future Past,"[28, 12, 14, 878]",The ultimate X-Men ensemble fights a war for the survival of the species across two time periods as they join forces with their younger selves in an epic battle that must change the past – to save our future.,35.336,en,2014-05-15,"[76043, 431, 7505, 9168, 22213, 37336, 25]",http://www.x-menmovies.com/,tt1877832,747862775,"To save the future, they must alter the past"
80321,6.5,4012,Madagascar 3: Europe's Most Wanted,"[16, 10751, 35]","Animal pals Alex, Marty, Melman, and Gloria are still trying to make it back to New York's Central Park Zoo. They are forced to take a detour to Europe to find the penguins and chimps who broke the bank at a Monte Carlo casino. When French animal-control officer Capitaine Chantel DuBois picks up their scent, Alex and company are forced to hide out in a traveling circus.",21.285999999999998,en,2012-06-06,"[521, 520, 4]",,tt1277953,746921274,"Six years ago, they disappeared without a trace. Next summer, they finally resurface."
297761,5.9,15418,Suicide Squad,"[28, 12, 80, 14, 878]","From DC Comics comes the Suicide Squad, an antihero team of incarcerated supervillains who act as deniable assets for the United States government, undertaking high-risk black ops missions in exchange for commuted prison sentences.",29.287,en,2016-08-03,"[9993, 444, 174, 507, 429, 128064]",http://www.suicidesquad.com/,tt1386697,746846894,Worst Heroes Ever
411,7.1,6919,"The Chronicles of Narnia: The Lion, the Witch and the Wardrobe","[12, 10751, 14]","Siblings Lucy, Edmund, Susan and Peter step through a magical wardrobe and find the land of Narnia. There, the they discover a charming, once peaceful kingdom that has been plunged into eternal winter by the evil White Witch, Jadis. Aided by the wise and magnificent lion, Aslan, the children lead Narnia into a spectacular, climactic battle to be free of the Witch's glacial powers forever.",31.031999999999996,en,2005-12-07,"[2, 10221]",,tt0363771,745013115,Evil Has Reigned For 100 Years...
62211,7.0,7384,Monsters University,"[16, 10751]",A look at the relationship between Mike and Sulley during their days at Monsters University — when they weren't necessarily the best of friends.,26.486,en,2013-06-20,"[3, 2]",,tt1453405,743559607,School never looked this scary.
383498,7.5,11319,Deadpool 2,"[28, 35, 12]",Wisecracking mercenary Deadpool battles the evil and powerful Cable and other bad guys to save a boy's life.,44.331,en,2018-05-10,"[7505, 25, 112049, 104228, 22213]",https://www.foxmovies.com/movies/deadpool-2,tt5463162,741547413,Prepare for the Second Coming.
